x,y,z,type,volume,cycle entry,custom:GFP,custom:sample
-262.5448028673834,3.819444444444457,0.0,default,50000
228.046594982079,12.780017921146964,0.0,default
